,title,money,area,experience,company_name,company_industry,company_stage,company_scale,company_contact,job_description,team_description,detail_url,company_url
0,Web前端,9-18K,西安,3-5年,中软国际,计算机软件,已上市,10000人以上,吴女士HR,web前端开发web架构师熟悉angular、Vue、react、js等前端框架,五险一金定期体检加班补助年终奖带薪年假餐补节日福利零食下午茶,https://www.zhipin.com/job_detail/0a28d16335e9f5211Xx-0929F1o~.html,https://www.zhipin.com/gongsi/2d208a8834e4a58203d43Q~~.html
1,web前端,8-15K,西安,3-5年,软通动力,计算机软件,已上市,10000人以上,杨女士招聘顾问,"1、三年以上前端开发工作经验,具有一定的页面设计能2、精精通 Javascript,熟练掌握HTML、CSS、 jquery시jax技术3、掌握并使用过比较常用的前端框架,如 Bootstrap、Angularjs等4、对用户体验有深入理解;有较强的沟通协调能力,团队意识,责任心强者优先。",五险一金定期体检年终奖带薪年假免费班车节日福利零食下午茶绩效奖金,https://www.zhipin.com/job_detail/825360815fb697e41XR80tW5FlM~.html,https://www.zhipin.com/gongsi/29c1ab68d5e3d3360nN63Q~~.html
2,web前端,8-16K,西安,3-5年,中软国际,计算机软件,已上市,10000人以上,贾女士招聘主管,"1、精通Html/CSS/Javascrtip数据处理/Ajax交互开发/jQuery/DIV+CSS自适应布局/多浏览器兼容处理;2、熟练掌握MVVM思想，至少掌握一种前端MVVP框架，如VUE、Angular、Node、React等；3、熟悉Http RestFUL接口，熟练掌握常用WEB界面调试工具；4、有大型商用网站开发经验者优先；5、计算机专业且至少3年以上WEB开发经验；6、熟练掌握至少一种服务端语言者优先、熟练掌握数据库语言者优先； 业务方向：AI人工智能，云计算，大数据，OpenStack，hadoop，IaaS，PaaS,SaaS,Daas等",五险一金定期体检加班补助年终奖带薪年假餐补节日福利零食下午茶,https://www.zhipin.com/job_detail/3f1938b39b51ca311Xd43dW_E1Q~.html,https://www.zhipin.com/gongsi/2d208a8834e4a58203d43Q~~.html
3,web前端,11-20K,西安,3-5年,软通动力信息技术集团,计算机软件,不需要融资,10000人以上,段女士HR,统招二本及以上学历，3年以上开发经验，熟练掌握HTML/CSS/JavaScript/jQuery，有中大型项目前端应用开发；熟练掌握 AngularJS/ReactJS/Vue.JS 中至少一种框架，熟悉前端模块化开发方法。,五险一金定期体检加班补助年终奖带薪年假员工旅游免费班车餐补通讯补贴交通补助节日福利零食下午茶,https://www.zhipin.com/job_detail/c33840740d3f7c5c1Hd729S4ElE~.html,https://www.zhipin.com/gongsi/deb8ee191fcc270203153Nu5.html
4,web前端,8-13K,西安,1-3年,软通动力,计算机软件,已上市,10000人以上,郭女士招聘顾问,负责公司项目的研发，熟悉前端开发，熟悉vue等框架，有两年工作经验，统招二本或者以上，计算机相关专业,五险一金定期体检年终奖带薪年假免费班车节日福利零食下午茶绩效奖金,https://www.zhipin.com/job_detail/8902a05dc58591001HB-39y4EVI~.html,https://www.zhipin.com/gongsi/29c1ab68d5e3d3360nN63Q~~.html
5,web前端,10-11K,西安,3-5年,上海易宝软件有限公司深圳分公司,计算机软件,已上市,1000-9999人,吕女士人事主管,1、熟悉CSS/HTML/JavaScript，有前端Web开发经验。2、熟悉常用Web前端框架angular\vuejs\bootstarp等.3、良好的编程习惯和较强的的学习能力；对前端技术有持续的热情，个性乐观开朗，逻辑性强，善于和各种背景的人合作。,带薪年假年度旅游免费零食地铁周边公司氛围好领导nice,https://www.zhipin.com/job_detail/6f0ae0083b487fbe1X153Ny7E1E~.html,https://www.zhipin.com/gongsi/426f0b28b75476931XF529W1.html
6,web前端,8-12K,西安,3-5年,软通动力,计算机软件,已上市,10000人以上,王女士招聘顾问,善于沟通，思路清晰，有丰富项目经验，服从管理，能积极完成上级安排的工作任务,五险一金定期体检年终奖带薪年假免费班车节日福利零食下午茶绩效奖金,https://www.zhipin.com/job_detail/2a954d12ecd298f303J52d-_F1U~.html,https://www.zhipin.com/gongsi/29c1ab68d5e3d3360nN63Q~~.html
7,web前端,8-16K,西安,1-3年,航天宏图,计算机软件,A轮,1000-9999人,李女士HRBP,岗位职责：1、参根据产品需求和设计与后端工程师协作高效完成数据交互等Web前端开发工作；2、参与产品需求分析，深刻理解业务需求，设计和开发基于用户业务场景的功能页面；3、负责解决产品开发中的关键问题和技术难题；4、负责前端整体架构的设计，前端API的封装及工具开发。任职要求：1、3年以Web前端开发经验，计算机相关专业，具有良好的代码规则；2、熟练掌握HTML、CSS、JavaScript的基本功能，对于JavaScript的原型链、继承以及闭包有深入的理解；3、熟悉Java或nodeJs等服务端语言；4、对目前主流的一些MVC、MVVM框架有一定的了解，有Vue组件开发经验者优先考虑；5、有很强的责任心和良好的团队合作精神，良好的自我学习能力，喜欢接受技术挑战。,五险一金带薪年假员工旅游餐补包吃节日福利,https://www.zhipin.com/job_detail/84d216845901170c1XZ53N-6EVY~.html,https://www.zhipin.com/gongsi/4a3f51d570b0562c1XR82d-_.html
8,web前端,5-8K,西安 未央区 张家堡,1-3年,北京壹派科技,生活服务,未融资,100-499人,曹女士人事,"岗位职责： 1、网站网页开发。 2、微信公众号页面开发。3、手机APP端内嵌HTML5页面开发。  任职资格：  1、 美术、设计等相关专业专科或以上学历。   2、 两年及以上相关专业工作经验、有优秀的艺术素养。  3、 能够熟练运用Photoshop、Illustrator、Fivework、Flash等设计软件，熟练HTML5及DIV+CSS布局。   4、熟练处理CSS与IE6、IE7、IE8、FireFox等浏览器兼容问题  5、思想敏锐活跃,具有丰富的视觉创作经验和独到的审美修养6.能独立开发项目的优先考虑",加班补助全勤奖年终奖带薪年假包吃节日福利,https://www.zhipin.com/job_detail/98329c54ed141ae103J_29-8F1M~.html,https://www.zhipin.com/gongsi/b362a42f04190e851nx82NS0EQ~~.html
9,web前端,8-12K,西安,3-5年,航宇卫星,计算机软件,未融资,100-499人,王女士人力资源副经理,前端开发工程师web. 岗位职责：1.WEB端和移动端开发工作、参与技术平台方向的后端开发工作；2.承担WEB前端、移动端核心模块的设计、实现，参与系统的架构设计、优化、架构原型实现及核心模块的开发工作；3.积极探索并积累前后端开发模式和规范；4.前后端代码的优化，样式压缩、合并、请求优化等，满足前端用户体验；5.配合需求人员、产品人员进行前后端分析与设计工作；任职要求：1、熟练使用JavaScript、CSS、HTML，本科及以上学历，2年及以上的开发经验；2、了解前端的 MVVM 开发模式以及前后端分离，有良好的审美能力及创意思维；3、了解ES5/ES6语法特征，了解 LESS/SCSS，有Node.js 开发经验者优先；4、有Glup/Webpack 或其他构建工具使用配置经验者优先；5、熟练掌握Mockplus、Axure等软件工具，熟悉C++、Unity、java编程语言；有Vue.js、React.js、Angular.js 开发经验者优先；6、有移动端开发经验者优先；7、具备学习能力与积极性，能独立解决问题，用于尝试挑战新事物，具备良好的沟通能力以及团队精神。,unknown,https://www.zhipin.com/job_detail/24e4f692118150481HNz3d6_ElE~.html,https://www.zhipin.com/gongsi/51286c3e1b951a611nx529i_Fg~~.html
10,web前端,9-14K,西安,1-3年,易宝软件,计算机软件,不需要融资,500-999人,陈女士HR,岗位职责：学历要求:统招二本以上，有毕业证和学位证，可查学信网。1、负责公司项目前端开发工作；2、熟悉 Bootstrap框架的优先考虑，熟练使用Jquery、angularjs、vue等框架3、根据需求和设计实现静态页面交互效果和 JS、CSS等效果的实现，负责跨浏览器兼容实现；,五险一金定期体检加班补助带薪年假员工旅游免费班车餐补交通补助节日福利零食下午茶,https://www.zhipin.com/job_detail/fdadd7ec9aef84ac03Ry2tu8FlQ~.html,https://www.zhipin.com/gongsi/28a8e2429117c8651nV629m0.html
11,web前端,8-16K,西安 雁塔区,1-3年,中软国际,计算机软件,已上市,10000人以上,康女士HR,硬性要求:统招本科 （二本以上，211，硕士优先）技能要求：1. 前端基础知识扎实，至少了解一个前端主流框架，如Vue、Angular、React 等2. 关注前端前沿技术，熟悉HTML5/CSS3/Node.js等3. 具有良好的代码风格、接口设计能力4. 具有良好的团队合作精神，能与相关人员沟通合作，有较强的自学、沟通表达能力及吃苦耐劳的工作精神，责任心强5. 对tinyUI熟悉的优先录用。福利待遇：入职即买五险一金，年底奖金，年终绩效奖金，每月部门聚餐，生日party，带薪年假、产假、陪产假等劳动法规定法定假期都有。上班时间：周末双休，公司实行一小时弹性工作制，不受每天8小时工作制限制，即每天最晚9:00上班，最早17:30下班，实行每月平均日工时8H ，详细情况以公司考勤制度为准。中软国际有限公司（以下简称：中软国际）是中国领先的大型综合性软件与信息服务企业，成立于2000年，为香港主板上市公司，股票代码354 。中软国际秉承“奋斗为本，成就客户，创造分享，共同成长”的核心价值观，成为客户长期、稳定、可信赖的合作伙伴，为成为世界级IT服务企业而奋斗！公司简介：详细请链接官方网站地址http://www.chinasofti.com,五险一金定期体检加班补助年终奖带薪年假餐补节日福利零食下午茶,https://www.zhipin.com/job_detail/ef1772f2e7c7c2200nd829i5GA~~.html,https://www.zhipin.com/gongsi/2d208a8834e4a58203d43Q~~.html
12,web前端,8-16K,西安,3-5年,软通动力信息技术集团,计算机软件,不需要融资,10000人以上,芦女士HR,"前端开发工程师：职位要求：1、2年以上前端开发经验，二本以上学历，有angular/react/vue 任一种开发经验；2、精通html5、css3、js, 精通页面布局，SEO和语义化，熟练使用less或sass开发；3、精通JavaScript、ajax、DOM等前端技术，掌握面向对象编程思想，对常见js框架（如jquery、kissy、zepto、bootstrap）有丰富经验和深入理解，完整的源码阅读最佳；4、热爱技术，主动钻研，沟通和协作能力优秀，抗压能力强",五险一金定期体检加班补助年终奖带薪年假员工旅游免费班车餐补通讯补贴交通补助节日福利零食下午茶,https://www.zhipin.com/job_detail/edb30faf6ea7c2d01X1_09i1E1U~.html,https://www.zhipin.com/gongsi/deb8ee191fcc270203153Nu5.html
13,web前端,6-10K,西安,1-3年,美格智能,通信/网络设备,已上市,1000-9999人,王女士人事,岗位职责：1.根据产品原型开发前端代码，实现产品的页面交互和数据逻辑展示，负责前端代码编写2.以组件化思维分解界面UI，面向对象写js，代码上逻辑清晰写法简洁，并考虑到写法上的性能差异；3.使用过git；4.注重用户体验，考究交互细节；有界面视觉设计经验；5.懂一门后端语言。岗位要求：1.精通HTMIL5/CSS3，jQuery及主流的JavaScript框架；2.有一定的系统分析和设计能力，有良好的开发思想、规范的编程风格。,unknown,https://www.zhipin.com/job_detail/eb24e58c1ad7897f1XN92Nm_E1A~.html,https://www.zhipin.com/gongsi/ce0375936428eeed1XF-3dq7GQ~~.html
14,WEB前端,7-11K,西安,3-5年,卡漠科技,互联网,不需要融资,100-499人,刘先生HR,岗位职责1、 负责产品前端架构与开发工作；2、 配合后端开发人员，高质量完成接口对接工作；3、 负责Web项目前端页面性能优化。 任职要求1、 2年以上前端开发经验，精通Web前端开发技术；2、 精通JavaScript，CSS，熟悉w3c标准，熟悉至少两种常用类库、框架，如JQuery，Vue，React，Angular，EasyUI，Bootstrap等;3、 熟悉页面架构和布局，能够解决各种浏览器兼容性问题，页面优化和效率调优；4、 熟悉sass、less、stylus等预编译语言，熟悉git版本管理工具的使用；5、 对Web开发有强烈的兴趣，良好的逻辑思维能力和团队合作能力，可以快速分析和解决问题。,五险一金年终奖股票期权带薪年假免费班车通讯补贴节日福利零食下午茶,https://www.zhipin.com/job_detail/21547da0e57e842b03J_39u6FlU~.html,https://www.zhipin.com/gongsi/2d9ec3fde56211071nN53dq7EA~~.html
15,Web前端工程师,15-20K,西安,3-5年,易宝,计算机软件,已上市,1000-9999人,徐女士招聘者,岗位职责：1、根据项目需求实现设计与开发2、确保需求实现满足项目需求设计规范、软件编码规范以及性能要求；3、积极沟通，以确保功能实现按时、按质交付；4、积极参与阶段评审，满足项目过程质量要求；5、能将所学业务、技术知识赋能给后续进入的新员工。任职要求:1、全日制本科以上学历，计算机相关专业者优先；2、具备独立需求分析能力，能根据需求规格、高保真完成需求实现设计；3、熟练使用  html5  css2 css3 js  jquery es6  echarts underscore svg图片，熟练使用vue，了解nodejs、 http协议 ;4、具有良好的代码规范、文档编写、学习沟通、领悟能力以及团队合作精神；5、工作积极主动、细心，责任心强，有敬业精神，能在较大压力下完成工作。,五险一金带薪年假节日福利零食下午茶,https://www.zhipin.com/job_detail/215b355bd091799003Ry2tm8ElU~.html,https://www.zhipin.com/gongsi/aea7c9323ba358091nR93ty_.html
16,高级web前端,10-15K,西安,3-5年,软通动力,计算机软件,已上市,10000人以上,闫先生招聘顾问,前端开发两年经验以上，熟悉主流前端开发框架，统招本科以上。Vue，react。angular,五险一金定期体检年终奖带薪年假免费班车节日福利零食下午茶绩效奖金,https://www.zhipin.com/job_detail/b7118ec008d1293903N709i-EFM~.html,https://www.zhipin.com/gongsi/29c1ab68d5e3d3360nN63Q~~.html
17,web前端,10-15K,西安 长安区 王寺,3-5年,软通动力,计算机软件,已上市,10000人以上,李女士HR,"职位要求：1、3年以上前端开发经验，有angular/react/vue 任一种开发经验；2、精通html5、css3、js, 精通页面布局，SEO和语义化，熟练使用less或sass开发；3、精通JavaScript、ajax、DOM等前端技术，掌握面向对象编程思想，对常见js框架（如jquery、kissy、zepto、bootstrap）有丰富经验和深入理解，完整的源码阅读最佳；4、熟练掌握相关前端框架及生态圈技术，具备实战经验和优化经验；5、掌握SVG、webGL等前端绘图技术，并能熟练使用至少一种数据可视化库；6、对JavaScript性能优化，多浏览器兼容性，多设备兼容问题有一定经验；7、热爱技术，主动钻研，沟通和协作能力优秀，抗压能力强；",五险一金定期体检年终奖带薪年假免费班车节日福利零食下午茶绩效奖金,https://www.zhipin.com/job_detail/cfaa45762c5820201XV92tS1FVc~.html,https://www.zhipin.com/gongsi/29c1ab68d5e3d3360nN63Q~~.html
18,Web前端开发,12-24K,西安,3-5年,佰钧成,计算机软件,不需要融资,10000人以上,李女士交付主管,1.国家统招二本及以上学历，有2年及以上工作经验2.熟悉前端开发常用框架3.对原生 js熟练，熟悉angular，vue或者react,五险一金补充医疗保险定期体检年终奖带薪年假员工旅游免费班车节日福利商业保险,https://www.zhipin.com/job_detail/c6d0de66095796ec1HN90t-8EVQ~.html,https://www.zhipin.com/gongsi/f837a2f1be860e8a1ndz2t-9.html
19,WEB前端,8-13K,西安,3-5年,卡漠科技,互联网,不需要融资,100-499人,杨女士人事专员,岗位职责：1、负责产品前端架构与开发工作；2、配合后端开发人员，高质量完成接口对接工作；3、负责Web项目前端页面性能优化。岗位要求：1、3年以上前端开发经验，精通Web前端开发技术；2、精通JavaScript，CSS，熟悉w3c标准，熟悉至少两种常用类库、框架，如JQuery，Vue，React，Angular，EasyUI，Bootstrap等;3、熟悉页面架构和布局，能够解决各种浏览器兼容性问题，页面优化和效率调优；4、熟悉sass、less、stylus等预编译语言，熟悉git版本管理工具的使用；5、对Web开发有强烈的兴趣，良好的逻辑思维能力和团队合作能力，可以快速分析和解决问题。6.本科以及以上学历，计算机相关专业优先福利待遇：双休+五险一金+生日礼品+带薪年假+国家规定的其他假期等福利待遇等,五险一金年终奖股票期权带薪年假免费班车通讯补贴节日福利零食下午茶,https://www.zhipin.com/job_detail/2d21067af52bc53f03J529m_FFI~.html,https://www.zhipin.com/gongsi/2d9ec3fde56211071nN53dq7EA~~.html
20,web前端开发,10-15K,西安,经验不限,软通动力,计算机软件,已上市,10000人以上,白女士招聘专员,1、统招本科及以上学历，毕业证学位证齐全，学信网可查；2、具有良好的逻辑思维和沟通能力，有责任心，积极进取；3、有意愿加入软通动力集团-华为业务；4、2年以上前端开发经验，技能优秀，薪资待遇从优；5、福利：周末双休，加班调休，缴纳五险一金，节假日福利等,五险一金定期体检年终奖带薪年假免费班车节日福利零食下午茶绩效奖金,https://www.zhipin.com/job_detail/6c8317cc29fa59071HV52tS7GFM~.html,https://www.zhipin.com/gongsi/29c1ab68d5e3d3360nN63Q~~.html
21,web前端工程师,11-22K,西安,经验不限,中软国际,计算机软件,已上市,10000人以上,孔女士招聘经理,1、本科及以上学历，计算机相关专业 ，3年以上前端开发经验2、精通 HTML/CSS/JavaScript/Node.JS等前端技术，熟悉W3C标准，了解常用设计模式3、熟练使用浏览器页面调试工具，处理各种兼容性问题4、熟悉Angular、Vue、Webpack、Gulp等主流框架和构建工具，熟练掌握Less、Sass、Stylus中至少一种CSS预处理语言5、对可用性、稳定性、可访问性等相关知识有实际的了解和实践经验，具有模块化编程思想、良好的代码书写习惯6、至少具备一门服务端开发语言（如：PHP、Java、Python 等）7、对前端技术有持续的热情，个性乐观开朗，逻辑性强，较强的团队合作意识,五险一金定期体检加班补助年终奖带薪年假餐补节日福利零食下午茶,https://www.zhipin.com/job_detail/98d37479e0f5bc671XRy2ti6GFc~.html,https://www.zhipin.com/gongsi/2d208a8834e4a58203d43Q~~.html
22,web前端,5-7K,西安 雁塔区 小寨,1-3年,喻古朽然,移动互联网,未融资,20-99人,杨先生技术主管,web前端岗位职责:1、与UI设计师、产品经理紧密工作在一起，完成高质量的产品前端2、参与多种平台的应用开发，包括WEB，微信端，H5，app等产品，负责前端交互的实现；3、能充分理解项目需求和设计需求，具有一定研发精神，能解决各种未知问题4、与团队成员分享经验和新技术，和团队共同成长任职要求:1、熟练使用Html5、Css3、JavaScript，Ajax等相关技术，了解并熟练操作DOM、XML、JSON等数据结构2、能熟练使用至少2种JavaScript框架（如vue jquery 等）开发移动端项目。3、熟悉小程序开发,五险一金全勤奖,https://www.zhipin.com/job_detail/7957d9430971160b1XB53dq5E1E~.html,https://www.zhipin.com/gongsi/71a553cc779cd3663nJ409u8.html
23,web前端,5-10K,西安 雁塔区 光华路,1-3年,西安享乐网络,物流/仓储,未融资,0-20人,程先生招聘者,精通jquery vue熟练开发 微信小程序开发  layui业务结构复杂 需要工作经验 低于一年的应该做不了愿意挑战的请联系,年终分红股票期权地铁周边扁平管理,https://www.zhipin.com/job_detail/5c41d00c926c35c51nV73t-7GVA~.html,https://www.zhipin.com/gongsi/39c7df87d7b6901e1XV70tW0.html
24,web前端,9-14K,西安 长安区,经验不限,软通动力,计算机软件,已上市,10000人以上,李女士HR,1.JQ一年经验及以上;2.有用设计模式独立开发过公共组件;3.熟悉闭包；4.有复杂界面业务逻辑处理经验；5.熟悉angular.js优先；6.统招2本及以上学历7.计算机相关专业,五险一金定期体检年终奖带薪年假免费班车节日福利零食下午茶绩效奖金,https://www.zhipin.com/job_detail/dfba2cb7678a95f21X1_2N-8GFI~.html,https://www.zhipin.com/gongsi/29c1ab68d5e3d3360nN63Q~~.html
25,web前端,8-16K,西安,3-5年,中软国际科技服务,计算机软件,未融资,10000人以上,尚女士HR,统招二本以上学历，两年以上相关经验。,美女如云领导nice年终分红带薪年假公司氛围好移动互联网,https://www.zhipin.com/job_detail/bb624241b02833741nx43tu_EFA~.html,https://www.zhipin.com/gongsi/65cd0d27d72e034d1XJy2dW_.html
26,Web前端,8-12K,西安,经验不限,WoHu时间,互联网,不需要融资,20-99人,谢先生总监,1.具备良好的JavaScript、HTML和CSS基础；2.掌握js模块化编程和webpack使用；3.对 MVC/MVVM 等模式有一定的理解；4. 熟练使用 Vue 框架，对其生命周期、计算属性、指令、组件通信有深入了解并能应用到工作中，优化程序，提高程序执行效率；5. 熟练使用jquery zepto bootstrap vuex 等前端类库以及UI组件框架 ；6.三年以上工作经验，责任心强。,全勤奖年终奖股票期权带薪年假零食下午茶,https://www.zhipin.com/job_detail/db2d977e9fe03dcc03F42Nq1FFc~.html,https://www.zhipin.com/gongsi/c107a748d227c87b03F93Nq5EA~~.html
27,Web前端开发工程师,10-15K,西安,经验不限,中软国际,计算机软件,已上市,10000人以上,张女士招聘经理,1、统招二本及以上学历，1年以上前端开发经验2、精通 HTML/CSS/JavaScript/Node.JS/react等前端技术，熟悉W3C标准，了解常用设计模式3、熟练使用浏览器页面调试工具，处理各种兼容性问题4、熟悉Angular、JS、Vue、Webpack、Gulp等主流框架和构建工具，熟练掌握Less、Sass、Stylus中至少一种CSS预处理语言5、对可用性、稳定性、可访问性等相关知识有实际的了解和实践经验，具有模块化编程思想、良好的代码书写习惯7、对前端技术有持续的热情，个性乐观开朗，逻辑性强，较强的团队合作意识,五险一金定期体检加班补助年终奖带薪年假餐补节日福利零食下午茶,https://www.zhipin.com/job_detail/a3d43eb506c352be03Z52tu1GVs~.html,https://www.zhipin.com/gongsi/2d208a8834e4a58203d43Q~~.html
28,web前端,7-11K,西安 雁塔区 电子城,3-5年,陕西秦汉园景,农/林/牧/渔,未融资,20-99人,刘女士招聘者,"任职资格：1、计算机、人机交互相关专业，有扎实的交互设计能力，本科及以上学历；2、3-5年前端开发工作经验。3、精通VUE、HTML,HTML5、CSS、JS，精通JSON、XML、jQuery、ajax,BootStarp,AngularJs,TypeScript ,Koa2,nodejs4、参与过微信小程序开发。5、工作有主动性，有团队协作能力；主动发现问题，且能独立驱动用户体验需求的输出、落地、执行、上线全流程。岗位职责：1、设计、美化WEB端页面,微信小程序开发,wap，pc网站开发。2、负责前端页面的开发和维护，并根据需求优化新产品性能、提升用户体验，提高交互效果及主流浏览器的兼容性。3、优化与重构前端代码，并整理出可重用的代码模块；",unknown,https://www.zhipin.com/job_detail/860bcda0cc16e0d61XJ83d-5FVE~.html,https://www.zhipin.com/gongsi/8923e2653e39fe711XFz3tW_Fw~~.html
29,web前端,10-20K,西安,1-3年,软通动力,计算机软件,已上市,10000人以上,刘女士招聘顾问,职位描述：本科以上学历，具备2年以上Java或JavaScript相关开发经验，熟练掌握web前端开发技术，如html5/CSS/JS/JQuery/Bootstrap,五险一金定期体检年终奖带薪年假免费班车节日福利零食下午茶绩效奖金,https://www.zhipin.com/job_detail/56240e2acbce50ea1nF-3929F1U~.html,https://www.zhipin.com/gongsi/29c1ab68d5e3d3360nN63Q~~.html
30,web前端,11-20K,西安,3-5年,中软国际,计算机软件,已上市,10000人以上,卢女士招聘者,统招二本及以上学历有web前端开发经验,五险一金定期体检加班补助年终奖带薪年假餐补节日福利零食下午茶,https://www.zhipin.com/job_detail/35cebfecfb3257511Hd82d68EFA~.html,https://www.zhipin.com/gongsi/2d208a8834e4a58203d43Q~~.html
31,Web前端开发工程师,8-16K,西安,1-3年,软通动力,计算机软件,已上市,10000人以上,肖先生招聘顾问,1.需要高级web(Vue/angular/react)一名，实际四年以上经验；1、web：angula/Vue/reactr，2年+；2、资料开发：有华为项目经验优先，2年起3、GO开发：1年经验起4、工程开发（持续集成）：会Linux+shell+Python5、C开发、C测试：1年起6、Java开发：3年起统招二本起，理工科坐标：西咸沣东西安软通动力五险一金，全市班车等等,五险一金定期体检年终奖带薪年假免费班车节日福利零食下午茶绩效奖金,https://www.zhipin.com/job_detail/1dd61413b727cbd51X183N26F1o~.html,https://www.zhipin.com/gongsi/29c1ab68d5e3d3360nN63Q~~.html
32,web前端,6-12K,西安,1-3年,蓝色星际,计算机软件,已上市,500-999人,段女士人事经理,岗位职责：1.按照项目里程碑完成项目工作；2.负责项目WEB页面编码、维护，WEB的功能开发；3.团队内部项目预研，新技术引入、分享；任职资格：1.1年以上前端开发经验；2.熟练掌握Vue全家桶；3.熟悉ES64.熟练使用SVN/Git；5.了解webpage；6.对node.JS有经验或有兴趣，优先考虑；,五险一金,https://www.zhipin.com/job_detail/67b231c9be897b881nV729y1FFY~.html,https://www.zhipin.com/gongsi/9bfb72d3d22d3d871XF-2d28.html
33,web前端,7-12K,西安,3-5年,华信智慧,计算机软件,不需要融资,20-99人,赵女士招聘HR,"1 有牢固的JS基础（回调，动画，数组与对象的基础操作，异步的编写）2 熟练使用VUE，VUEX（路由，模版，熟悉各种数据传递方式）3 能快速用CSS布局（熟悉各种布局方式与属性，熟悉sass库，了解css modules, 使用过UI库）4 熟练使用HTML5 canvas和SVG（能自己用JS绘图，了解Cansvas性能相关的知识）5 了解前端自动化测试框架的使用基础（如Cypress）6 能自己配置Webpack打包（热启动，分离打包，css抽离，根据不同环境打包，理解source-map）7 熟悉NodeJS（熟悉配置文件，了解AMD与CommonJS概念，了解express框架）",五险一金定期体检年终奖带薪年假节日福利,https://www.zhipin.com/job_detail/94228a50078bdaff03F72dm5E1M~.html,https://www.zhipin.com/gongsi/3246516f1afebadc1nB72965GA~~.html
34,web前端,7-12K,西安,1-3年,软通动力,计算机软件,已上市,10000人以上,陈女士招聘顾问,1、精通web前端基础，原生js熟练2、精通jQuery，熟悉闭包3、熟练使用angular 或 vue、react等框架。4、了解后台语言优先一年以上实际开发经验,五险一金定期体检年终奖带薪年假免费班车节日福利零食下午茶绩效奖金,https://www.zhipin.com/job_detail/babe3ca5d8a52d951XB-39i-F1s~.html,https://www.zhipin.com/gongsi/29c1ab68d5e3d3360nN63Q~~.html
35,web前端,6-8K,西安,3-5年,陕西源天科技,计算机软件,未融资,20-99人,张先生项目经理,1.实际3年以上开发经验2.熟练HTML5/CSS3/Sass/JavaScript，具有良好的ES6+基础3.基于vue.js和elementui完成公司前端页面的开发和优化;4.能够独立实现常见的交互动画5.熟悉RESTfulAPI、熟悉生命周期，计算属性，vue指令，组件通信等；5、对Android与iOS不同平台的html5页面适配有较好的了解;6、具有Android、iPhone、iPad等智能手机和平板html5开发经验优先考虑;7、具有APICloud，phonegap等跨平台应用开发经验者优先。8.熟悉jquery、bootstrap、elementui等主流框架和html5，熟练elementui者优先,五险一金定期体检年终奖员工旅游节日福利零食下午茶,https://www.zhipin.com/job_detail/317e901890f8034403N439u_EVU~.html,https://www.zhipin.com/gongsi/10a8fc8d5d458a270ndz3tq5.html
36,web前端工程师,4-7K,西安 碑林区 长安路,3-5年,长颈鹿旅游,电子商务,未融资,20-99人,王先生人事,"1.对Web技术创新及互联网应用开发有浓厚的兴趣，对用户体验、交互操作有追求极致的热情, 有互联网行业或金融行业开发经验者优先；2.本科及以上学历，3年以上web前端开发经验；3.熟练掌握HTML/Javascript/CSS等前端技术，熟悉W3C规范，能熟练编写具有良好风格规范的HTML+CSS代码;4.熟悉Bootstrap、jQuery等前端框架、规范或工具；5.具有一定的浏览器兼容性处理经验、SEO优化经验；6.有高并发，高性能网站相关经验者优先或有多线程/分布式系统设计相关经验者优先；7.简历附上作品链接或携带作品者优先面试。",带薪年假领导nice扁平管理智能硬件公司氛围好年度旅游地铁周边电子商务,https://www.zhipin.com/job_detail/9bc1af2e540b6c6c1Hdy3dm_E1c~.html,https://www.zhipin.com/gongsi/5cb17397347af52a1X162tq0FA~~.html
37,web前端,7-10K,西安 雁塔区 科技路西口,3-5年,慧联佰川,在线教育,天使轮,20-99人,刘先生HR,web前端开发工程师 1.负责Web前端页面开发，负责页面交互的技术设计、开发、代码优化等； 2.根据前端UI设计组输出的设计稿进行页面的实现 3.精通DIV+CSS网页框架布局的HTML代码编写，熟悉W3C标准； 4.使用HTML5/CSS3熟练地进行页面开发； 5.具备良好的前端架构分析能力与设计能力，与开发团队保持良好沟通； 6.精通各主流浏览器（IE6+、Firefox、Chrome、Safari）间的差异性，能快速定位和解决各种兼容难题； 7. 熟悉JavaScript、Ajax、JQuery等各种Web前端开发技术，具备一定的跨浏览器开发经验8. 至少3年以上工作经验、统招本科学历计算机相关专业。,五险一金年终奖股票期权零食下午茶,https://www.zhipin.com/job_detail/74d651496284f4051HB_3d--EFE~.html,https://www.zhipin.com/gongsi/41f9ad455ff124361HBy3tu8Fg~~.html
38,web前端,11-22K,西安,5-10年,软通动力,计算机软件,已上市,10000人以上,任先生招聘顾问,4年以上开发经验，熟练掌握HTML/CSS/JavaScript/jQuery，有中大型项目前端应用开发；熟练掌握 AngularJS/ReactJS/Vue.JS 中至少一种框架，熟悉前端模块化,五险一金定期体检年终奖带薪年假免费班车节日福利零食下午茶绩效奖金,https://www.zhipin.com/job_detail/af04a386147153841XFz3d-1EVI~.html,https://www.zhipin.com/gongsi/29c1ab68d5e3d3360nN63Q~~.html
39,web前端,6-9K,西安 碑林区 建设路,3-5年,衡刻,互联网,天使轮,0-20人,石先生CEO,"岗位职责：1、移动端以及企业级web前端开发2、参与代码性能优化和通用组件开发以及新技术的预研；任职资格：1、3年以上工作经验，热爱前端，对web技术专研有强烈的兴趣，有良好的学习能力和强烈的进取心。2、精通JavaScript，HTML5、CSS/CSS3等前端技术。3、具备前端工程化能力，vue技术栈优先。4、具备一定全栈开发能力，了解或掌握一种后端语言者优先，如：python, php, node，java 等",股票期权领导nice移动互联网,https://www.zhipin.com/job_detail/7f2d718c1f95395e0n152N-0Eg~~.html,https://www.zhipin.com/gongsi/892d1315da995a731Hd42Nm8.html
40,web前端,7-8K,西安 雁塔区 科技二路,3-5年,安信驰,互联网,不需要融资,0-20人,姚先生招聘者,公司名称：安信驰物流科技有限公司工作内容：1 负责前端代码实现和代码重构2 改进前端性能和兼容性4 探索新技术改善用户体验要求：1、具备web移动ui开发经验2、精通html5、css、javascript、jsp、zepto，photoshop技术3、熟悉常用前端框架如果weui、响应式框架4、责任心强，代码编写规范质量高,五险一金加班补助年终奖带薪年假员工旅游餐补交通补助,https://www.zhipin.com/job_detail/d75aa58998f879061H162tq9EFY~.html,https://www.zhipin.com/gongsi/a864ac93e3b34e0d03V42928EA~~.html
41,web前端,8-13K,西安 碑林区 文艺路,经验不限,和舆图,数据服务,不需要融资,20-99人,王先生项目经理,岗位要求：1、GIS或计算机相关专业（地图项目开发者优先），本科及以上学历；2、1年以上Web前端开发经验，熟悉主流框架。JS、HTML、CSS基础功底扎实； 3、熟悉ArcGIS API for JavaScript、Leaflet、Cesium等开发框架。4、有VUE、React、Angular 等框架实际开发经验。5、对ArcGIS等GIS主流平台有一定的了解.6、执行力强，善于自我学习，能自我驱动不断进步；7、代码习惯好，欢迎代码洁癖和强迫症患者；8、善于交流、乐于分享，有写博客习惯优先；9、做过网站前端页面、前后端交互的优先；10、熟悉js、能在项目中独立使用js；11、熟悉 Angular.js 框架；,五险一金补充医疗保险定期体检加班补助节日福利,https://www.zhipin.com/job_detail/a9ef0ee4217c874d1HR43d-0GVI~.html,https://www.zhipin.com/gongsi/f9bf60aa52f43c1533d42NS_.html
42,web前端,30-60K,西安,5-10年,华为,计算机软件,不需要融资,10000人以上,龙先生数据中台总架构师,华为云计算事业部杭州研究所，年薪百万招聘高端前端研发专家； 华为云是华为独立的一级事业部，所有流程与管理方式与互联网公司一致。本人在腾讯和阿里十二年，目前在华为云，团队管理风格互联网化，灵活简单高效扁平。岗位描述：负责带领前端开发团队，负责大数据云服务全系列云产品的前端架构设计与开发工作；负责华为数据大屏的设计、研发工作； 岗位要求：1、至少5年以上前端开发经验，其中3年以上的WEB开发经验，精通angular\React\VUE任一种，对技术栈原理有一定理解； 2、精通HTML(5)、CSS(3)、JS，精通页面布局，熟练使用LESS或SASS开发； 3、精通JavaScript、AJAX、DOM等前端技术，掌握面向对象编程思想，对常见JS框架（如jQuery/Kissy/Zepto/Bootstrap等）有丰富的经验和深入理解，完整的源码阅读最佳； 4、熟练掌握相关前端框架及生态圈技术，具备实战经验和优化经验； 5、熟悉SVG、WebGL等前端绘图技术，熟悉数据渲染技术，并能熟练使用最少一种数据可视化库。 6、对JavaScript性能优化、多浏览器兼容性、多设备兼容问题有一定的经验； 7、热爱技术、主动钻研、沟通和协作能力优秀，抗压能力强； 有视觉设计与优化经验优先；,五险一金定期体检加班补助年终奖带薪年假通讯补贴交通补助节日福利,https://www.zhipin.com/job_detail/58d35d4ca17d8c2f1XJ63NW4EFc~.html,https://www.zhipin.com/gongsi/02cd05cce753437e33V50w~~.html
43,Web前端,6-8K,西安 未央区 张家堡,3-5年,远洋鼎立,计算机软件,未融资,20-99人,吕女士HR,"岗位职责：1.负责公司产品前端页面开发制作和维护；2.完成前端UI的交互开发和样式开发，配合设计师和后台开发人员实现产品界面和功能；3.持续的优化前端体验和页面响应速度，优化代码并保持良好兼容性，提升 web 界面的友好和易用；4.根据产品需求，分析并给出最优的页面前端结构解决方案；5.有web app开发经验优先。任职资格：1. 三年以上前端开发工作经验；2. 熟练掌握HTML5、CSS3、JavaScript、Bootstrap,ES6、jQuery等；3. 掌握ios/Android等移动平台浏览器的特性，精通各平台浏览器兼容性解决方案；4. 熟练使用至少一种JS框架，熟练Reactjs或者Angular、Vue等，掌握其原理，能独立开发常用组件；5. 对高并发、大访问量时前端各种场景的处理有一定的心得者优先。",五险一金,https://www.zhipin.com/job_detail/ac7ae024d1ebd81003J429S8EVA~.html,https://www.zhipin.com/gongsi/eaa0409f96c45eb81ndz2N25GQ~~.html
44,web前端,8-16K,西安,5-10年,中软国际,计算机软件,已上市,10000人以上,杨女士招聘主管,1、5年以上工作经验2、精通各种Web前端技术XHTML、XML、CSS等，并对符合web标准的网站重构有丰富经验，有成功案例；3、深刻理解Web标准，对可用性、可访问性等相关知识有实际的了解和实践经验，Vue，angular项目经验；4、深度掌握JavaScript语言核心技术DOM、BOM、Ajax、JSON，掌握多浏览器；5、对JavaScript性能、多浏览器兼容性、面对组件开发有独到的解决方案；6、理解prototype/jQuery/YUI/Ext框架背后的工作原理；7、至少掌握一门Web后端语言（如Java、PHP、.Net、Ruby），并有项目经验；,五险一金定期体检加班补助年终奖带薪年假餐补节日福利零食下午茶,https://www.zhipin.com/job_detail/cb36789f80aaac0c1XB629i5E1M~.html,https://www.zhipin.com/gongsi/2d208a8834e4a58203d43Q~~.html
45,web前端,12-22K,西安,5-10年,西安图迹信息科技,企业服务,B轮,100-499人,马女士人事,岗位职责：1. 根据设计文档完成前端页面开发；2. 协助并快速定位及解决开发及运行过程中的前端技术问题；3. 能按计划有效且高质量的完成分配的任务；4. 能与其他部门进行有效的沟通；5. 积极了解公司业务，并参与相应的会议提供建议。任职资格：1. 大学本科以上学历，5年以上web前端开发经验；2.有前端架构经验，熟悉组件化开发，熟悉前端设计模式；3. 精通javascript语法，包括不限于es5、es6；4. 精通html(5)、css(3)语法，并数量掌握sass、less等样式处理框架；5. 两年及以上VUE使用经验，需熟练使用VUE框架本身以及与其配套的各种框架(库)，包括但不限于路由、状态管理、组件库等。6. 熟练使用echarts，可构建丰富的前端图表展示；7. 非常熟悉各种PC和手机浏览器之间的差别(Chrome/Safari/Firefox/IE8及IE8以上各个版本)，能解决兼容问题，对前端性能有良好的认知,五险一金补充医疗保险定期体检,https://www.zhipin.com/job_detail/8f74c2af02efd9ff1XV609q7Flo~.html,https://www.zhipin.com/gongsi/92f4a1641ee7f29a03Vz3N25.html
46,web前端,8-12K,西安 雁塔区 唐延路,3-5年,亚创科技,计算机软件,不需要融资,20-99人,刘先生人力资源经理,"岗位职责：1.与设计师、产品工程师紧密工作在一起，负责产出高质量的产品前端。2.参与多种平台的企业管理类及相关应用开发。3.前端交互的实现。4.能充分理解项目需求和设计需求，具有一定研发精神，能解决各种未知问题。5.成员分享经验和新技术，和团队共同成长。任职要求：1、至少3年前端编码开发经验，独立完成过项目；2、精通HTML5、CSS3、VUE（至少1年以上实操经验）等Web前端开发技术,熟悉页面架构和布局；3、具有PC端企业应用或管理后台开发经验；4、熟悉主流浏览器的兼容性调试。5、熟悉前后端分离开发模式。",五险一金全勤奖年终奖员工旅游通讯补贴节日福利零食下午茶,https://www.zhipin.com/job_detail/52b2596d1c226eb91HZ_2965FVQ~.html,https://www.zhipin.com/gongsi/9561e82e191ee8421nJ83Nu6EQ~~.html
47,Web前端开发工程师,10-15K,西安 未央区 三桥,3-5年,软通动力,计算机软件,已上市,10000人以上,陈女士HR,1.有2年及以上的企业实际开发经历；2.熟悉至少一种常用web框架(vue/react/angular)；3.熟练使用html/css/javascript；4.理解web应用的部署和运行，前后端交互；5.熟悉至少一个前端常用库(jQuery等)；,五险一金定期体检年终奖带薪年假免费班车节日福利零食下午茶绩效奖金,https://www.zhipin.com/job_detail/e97d33dc63f89e321H1539W6GFo~.html,https://www.zhipin.com/gongsi/29c1ab68d5e3d3360nN63Q~~.html
48,web前端开发工程师,9-14K,西安 灞桥区 十里铺,3-5年,京北方,互联网金融,未融资,10000人以上,张女士HR,h5 混合开发，银行项目，有合适简历即可安排面试，vue js CSS 学信网可查学历 大专及以上 ，地点1：金桥三路1818（桃花潭）任职条件：1）精通JS/CSS/HTML等Web前端技术，至少精通一种主流前端框架，例如jquery/vue/react中的一种；2）熟练掌握移动端Web开发，具备兼容各主流浏览器的编码能力；3）具备与后端接口对接的调试能力，能够独立完成前端模块开发；4）熟悉主流Web服务器Nginx、IHS、Apache等，具备相关配置经验及日志分析的能力，精通Web前端性能调优的优先；5）熟悉B/S模式下大型网站的架构设计，对涉及的分布式服务、分布式缓存、分布式消息队列等技术有较深的理解。6）具备前端工程化经验的优先；7）具有较强的工作责任心，严谨、细致、踏实的工作作风和积极主动的工作态度；8）有较强的沟通能力和学习能力；工作地点2莲湖区土门岗位职责：负责WEB端页面（含表单、控件等要素）整体构建和设计稿还原。使用前端技术与设计师、后台开发人员协作完成符合WEB标准，高性能和体验的页面。维护及优化前端页面性能，实现高性能、可维护性及浏览器的可兼容性。	技能要求：熟练掌握html5、css、javascript等前端编程语言，有3年（高级为5年）以上web类项目前端开发及实施经验。熟练掌握jquery框架技术及bootstrap、angular.js、vue.js等常用开源库。有使用AdminLTE、Metronic等集成前端框架经验者优先。熟悉xml、json等常用数据格式标准。了解主流的第三方前端功能性组件（动态图表、富文本编辑器），如：Echarts、UEditor	、Grafana等。具有良好的审美能力，具有较强的构图和用户交互设计能力。具有良好的代码习惯，注重前端代码可维护性及性能。良好的团队合作意识、具有较强的抗压能力。,五险一金定期体检加班补助年终奖带薪年假员工旅游餐补节日福利,https://www.zhipin.com/job_detail/0fdd7565c7bafd8c1Hd-09S4FFo~.html,https://www.zhipin.com/gongsi/8531731ebc286f821nV73t4~.html
49,web前端工程师,10-15K·13薪,西安 雁塔区 科技二路,3-5年,交大捷普,计算机软件,未融资,100-499人,郭先生招聘经理,岗位职责：1、负责公司产品web前端的设计、规划及开发；2、参与核心产品Web前端的切片及静态页面制作，解决各大浏览器的兼容问题；3、根据项目具体要求，承担开发任务，按计划完成任务目标；4、构建和完善公司的web前端资源库；5、优化前端性能，参与前端框架的编写以及规范的制定；6、能够跟后台人员积极配合沟通解决相关技术问题。任职要求：任职要求：1、本科以上学历，计算机相关专业，Web前端开发2年以上工作经验；2、具有扎实的HTML、HTML5（必须掌握一点）、JS（80%掌握）、精通AJAX所有基础，熟练掌握jQuery、Layer、bootstrap、常见绘图插件；3、至少掌握1种前端开发框架，不限于Extjs、Angular、VUE（最少掌握其一，做过项目的经验）、React，有CSS或者独立搭建后台管理框架经验者优化；4、熟练掌握前端调试，能处理不同浏览器上的兼容问题，有火狐、谷歌插件编写经验优先；5、有较强的责任心和团队协作精神，具备独立解决问题能力。,扁平管理公司氛围好,https://www.zhipin.com/job_detail/c074a1de43917bcc1HZ909W8FVc~.html,https://www.zhipin.com/gongsi/b748eb80471812001HJ_2dq6.html
50,web前端,3-5K,西安,经验不限,冰雪网络,计算机软件,不需要融资,20-99人,冯女士人事经理,"岗位职责：1.理解客户需求，按照视觉图实现前端页面制作。2.配合团队进行公司各产品的HTML、div、css、js前端页面制作。3.协作对公司项目、产品进行前端方面制作。4.熟练掌握HTML div css， 熟悉js，会网页常见的js效果。5.PC、手机以及响应式页面熟练掌握。小程序开发前端任职要求：1.计算机相关专业者优先。2.熟练掌握HTML div css， 熟悉js，会网页常见的js效果。3.具备良好的审美能力、创新意识。并富有工作激情、创造力和责任感。4.较强的主观能动性与责任感、认真细心，富于创新，良好的团队精神和服务意识。5.思维灵活，沟通表达能力要强薪资福利：1.薪资:面谈；2.公司福利：双休+法定天数休假+年休假+定期专业知识培训提升+定期公司组织户外活动+年底双薪。工作时间：周一至周五：早上8：30-12:00,14:00-18:00周末：双休。",年终奖带薪年假员工旅游节日福利,https://www.zhipin.com/job_detail/649d0fec6c72258e03Vy2tS7GFc~.html,https://www.zhipin.com/gongsi/198d8dceeeeb19f21X193N65.html
51,web前端,7-12K,西安,3-5年,小伙伴科技,计算机软件,不需要融资,20-99人,袁先生人事总监,岗位要求1、2年及以上工作经验；2、 熟练掌握HTML5，CSS3，熟悉页面布局、分析及调优；3、 熟练掌握JavaScript，Ajax，RESTful WebService，BootStrap等前端开发技术；4、 至少掌握一种前端JS框架库的应用，如：AngularJS，JQuery，Vue.js等；熟练运用JQuery、vue.js优先；5、 熟悉主流浏览器、移动端浏览器的开发模式及特性；6、 具备良好的学习能力和分析解决问题能力；责任心强，良好的对外沟通和团队协作能力。,五险一金,https://www.zhipin.com/job_detail/82be9b09a3819d181Xd43Nq8ElA~.html,https://www.zhipin.com/gongsi/7c2e9b743ea72e711nd-3d-5.html
52,web前端开发,8-13K,西安,3-5年,四智信息,计算机软件,0-20人,unknown,汪先生招聘者,工作职责：1.针对确认的需求说明书编写概要设计和详细设计文档；逻辑思维能力强； 2.在项目经理要求的进度范围内有效完成开发任务； 3.负责WEB前端架构设计，带领前端团队完成任务； 4.负责项目核心代码的编写及参与公司核心框架的代码编写； 5.前沿技术的跟踪、技术预研、技术攻坚；岗位需求：1.熟悉HTML5/JavaScript/CSS3，具有4年以上相关工作经验；2.对浏览器的兼容性有深刻的理解并从事过浏览器兼容性处理工作；3.精通angular1.0、angular2，vuejs 熟悉echarts或者Highcharts，熟悉webgis开发中常用的框架和库，如GeoServer、OpenLayers等；4.熟悉地图服务标准，知道常见标准的异同；5.具有基础的3D绘图知识，矩阵转换及计算。利用three.js或者Babylon.js开发个项目或者做过3D场景；6.能够理解后端架构，与后端工程师配合，为项目提供最优化的技术解决方案；7.有良好的团队协作能力，有上进心、责任心，个性乐观开朗，思维逻辑性强。8.参与过webgis类项目的优先；,unknown,https://www.zhipin.com/job_detail/414b233a7996876d03F93ti5GVQ~.html,https://www.zhipin.com/gongsi/eebd0d89b50015891Hxy3NW-Fw~~.html
53,高级web前端,15-20K,西安,5-10年,蝉鸣科技,移动互联网,B轮,100-499人,赵女士HRM,"岗位职责：1.指定所负责的产品线的中长期的技术规划2.对负责的产品的问题和需求有清楚的认识，分清优先级并解决问题，在性能，可扩展性，稳定性等有突出成绩3.参与相关开发流程与技术规范的与实施4.规划，组织，承担中型复杂程序的设计与开发5.指定产品线项目开发及执行方案6.担任项目负责人，承担评估技术难度，协调资源，推动项目实现7.负责解决项目技术及业务的具体问题8.关注行业创新实战任职资格：1. 本科及以上学历，至少5年web前端开发经验。2. 熟练掌握 html5,css3,javascript 等前端技术且拥有牢固的基础；3. 能够熟练使用目前主流的web前端框架如 vuejs或reactjs或angularjs进行过独立项目的研发；4. 能够使用 npm, webpack，grunt等前端打包工具进行项目的打包工作并能够对配置文件进行独立的编写;5. 熟练使用媒体查询，hack等进行多终端适配以及浏览器兼容性问题的解决。6. 对于常见的前端性能问题能够具有定位web前端性能问题的能力并给出合理的解决方案；7. 能够独立完成新项目的开发以及项目迭代的任务并能够保证产品以及代码的质量。 8. 热爱技术，具备良好的职业素养和团队协作精神；",五险一金补充医疗保险定期体检年终奖股票期权带薪年假员工旅游餐补通讯补贴交通补助节日福利,https://www.zhipin.com/job_detail/7e1159e61211bb9f1Hx83tW9FVE~.html,https://www.zhipin.com/gongsi/3827fc4628d73ed31Xx429U~.html
54,web前端,3-4K,西安 长安区 郭杜,经验不限,西安卡兹克,互联网金融,天使轮,20-99人,梁先生总经理,"1.负责网页html制作工作（使用div+css技术）；2.根据设计稿制作出html页面；3.根据产品经理、设计人员需求调整html页面；4.要求兼容ie6,ie7,firefox,safari,opera等主要浏览器；5.熟练使用javascript制作页面特效；6.优化网站图片；7.根据文档整理页面资料；8.配合平面设计人员、程序设计人员完成网站；9.对用户体验有一定的设计能力；精通javascript，熟悉html5+css3的优先录取。",unknown,https://www.zhipin.com/job_detail/cd0e36a41d4d0a231nJ50ti8GFI~.html,https://www.zhipin.com/gongsi/ea5633c4b47bbdf71nZ409u1EA~~.html
55,Web前端工程师,6-10K,西安,3-5年,崤云安全,信息安全,不需要融资,20-99人,相女士HR,Web前端工程师岗位职责：1、参与软件项目的详细设计、编码和内部测试的组织实施，对小型软件项目兼任系统分析工作，完成分配项目的实施和技术支持工作；2、协助项目经理和相关人员同客户进行沟通，保持良好的客户关系；3、参与需求调研、项目可行性分析、技术可行性分析和需求分析；4、熟悉并熟练掌握交付软件部开发的软件项目的相关软件技术；5、参与组织实施技术支持和售后服务工作；6、完成领导交办的其他工作。岗位要求：1、本科及以上学历，拥有2年及以上Web前端开发经验；2、有扎实的JavaScript，HTML，CSS前端基础语言；3、熟悉jQuery，HTML5，CSS3，ES6，SASS，LESS；4、掌握模块化开发，对热门类库非常熟悉；熟练使用发布部署工具Gulp/Grunt、mocha/Jest、Eslint/Jslint、WebPack；5、熟悉Flex，有响应式布局发开经验者优先；6、有AngularJS/React/Vue.js等开发经验者优先；7、有Java/NodeJS等后端开发经验者优先；8、具有很强的学习能力，不断学习最新技术，跟上时代步伐。工作地址：河南省三门峡市湖滨区传媒大厦七楼,unknown,https://www.zhipin.com/job_detail/0ad978a1be29d1431HJ-39q_E1U~.html,https://www.zhipin.com/gongsi/3eba2f19cfc06e9c1nx62dS4EA~~.html
56,web前端,5-10K,西安,3-5年,创想网络,计算机软件,未融资,0-20人,党先生经理,1.主要做网站，小程序，h5页面等。 2.熟悉html  ，CSS，JS，以及常用框架。,全勤奖,https://www.zhipin.com/job_detail/3716ebcfbe61cb6b03d-3tS4ElU~.html,https://www.zhipin.com/gongsi/673bfdb26bdc192e03Ry2tS0GQ~~.html
57,Web前端开发,7-8K,西安,1-3年,中软国际,计算机软件,已上市,10000人以上,李先生招聘者,1、3年以上javascript、css、html实际项目开发经验，熟悉WEB动画开发和制作2、掌握nodejs、vue js，且有一定项目开发经验3、具有较强的责任心，团队协作精神和沟通能力，工作细心，踏实勤恳，善于学习新技术，能够承受一定的工作压力,五险一金定期体检加班补助年终奖带薪年假餐补节日福利零食下午茶,https://www.zhipin.com/job_detail/d799bbb5025aa61a03Z509m5F1M~.html,https://www.zhipin.com/gongsi/2d208a8834e4a58203d43Q~~.html
58,web前端,4-7K,西安,1-3年,租吧,电子商务,0-20人,unknown,王先生java开发,"任职资格：注:必须有小程序开发相关经验,优先考虑1、熟练掌握运用CSS、Ajax、jquery、xml、dom等；2、理解WEB标准，对可用性、可访问性等相关知识有实际的了解和实践经验；3、有全局观念，能把握优化整体系统框架。4、熟悉网站重构、页面架构和页面布局，对语义化、结构与内容分离等有深刻理解，对用 户体验有一定理解；5、学习能力强，能快速学习使用新知识；6、有较好的团队协作和沟通能力，有强烈的责任心；",不打卡扁平管理移动互联网电子商务领导nice公司氛围好,https://www.zhipin.com/job_detail/9d8e7a94566e38da1XJ62dq1GVA~.html,https://www.zhipin.com/gongsi/f544950ca121ca8c1XN639u_Eg~~.html
59,web前端工程师,6-11K,西安,3-5年,万山科技,数据服务,未融资,100-499人,胡女士人事主管,"岗位职责：1.负责公司产品的前端界面和前端组件/类库的开发工作；2.与后台工程师协作，完成前后端数据交互；3.封装前端组件类库，维护及优化前端界面性能；4.持续优化前端用户体验和页面响应速度，并保证浏览器的兼容性和执行效率。任职资格：1、3年及以上相关行业的工作经验；2、能够熟练运用HTML/CSS/JavaScript构建高性能的Web应用程序,熟悉HTML5/CSS3/ES3/ES5/ES6,熟悉TypeScript优先；3、理解WEB标准和浏览器的兼容性,对相关知识有实际的了解和实践经验；4、能够熟练运用JQuery和MVVM框架,能熟练使用一种JQuery相关的UI框架,如JQueryUI或EasyUI等,能使用ReactJS或VueJS等MVVM框架优先；5、能熟练使用前端工具链，NodeJS/NPM/Gulp/WebPack等；6、善于与他人沟通、合作，具有团队精神，良好的自学能力、严密的思维能力，反应敏捷，应变力强，责任心强。7、有GIS相关工作经验者优先。",五险一金,https://www.zhipin.com/job_detail/0c3f8638805cd2f003B63NS-FVA~.html,https://www.zhipin.com/gongsi/da09b904050db4281nR82Nu0Fw~~.html
